{
  "mid_stable_rank": {
    "a": 1.136363390074591,
    "beta": 0.0010000000000008691,
    "r2": -0.010141202292413443
  },
  "mid_effective_rank": {
    "a": 3.0389308945058757,
    "beta": 0.001000000000000023,
    "r2": -0.0014086138585724939
  },
  "mid_twonn_id": {
    "a": 14.264032755547426,
    "beta": 0.0010000000000000876,
    "r2": -0.034027615367984154
  },
  "mid_mle_id": {
    "a": 6.194172742526098,
    "beta": 0.0335299613884379,
    "r2": 0.2182658350097897
  },
  "cross_cka": {
    "a": 0.9017077348562257,
    "beta": 0.004599261754454309,
    "r2": 0.49518723080292393
  },
  "cross_knn": {
    "a": 0.4485918476338277,
    "beta": 0.029145481059706792,
    "r2": 0.8966692393990483
  },
  "cross_shape_distance": {
    "s_inf": 0.20052097595423118,
    "a": 0.1274689073317427,
    "beta": 1.6555050496238053,
    "r2": 2.1748260969900457e-09
  }
}