{
  "results": {
    "160M": {
      "Pythia \u2194 Mamba": {
        "knn": 0.6460648148148148,
        "cka": 0.8453200459480286,
        "shape": 0.5579345599111997,
        "knn_alpha": 0.0,
        "cka_alpha": 0.0,
        "shape_alpha": 0.9166666666666666,
        "elapsed_s": 145.2821753025055,
        "pair_type": "inter"
      },
      "Pythia \u2194 RWKV": {
        "knn": 0.686226851851852,
        "cka": 0.7695951461791992,
        "shape": 0.5402107873886263,
        "knn_alpha": 1.0,
        "cka_alpha": 0.0,
        "shape_alpha": 1.0,
        "elapsed_s": 99.57776236534119,
        "pair_type": "inter"
      },
      "Mamba \u2194 RWKV": {
        "knn": 0.7412037037037036,
        "cka": 0.7791095972061157,
        "shape": 0.4928086775909734,
        "knn_alpha": 0.8333333333333334,
        "cka_alpha": 0.25,
        "shape_alpha": 0.8333333333333334,
        "elapsed_s": 113.39457774162292,
        "pair_type": "intra"
      }
    },
    "400M": {
      "Pythia \u2194 Mamba": {
        "knn": 0.6535879629629631,
        "cka": 0.8438640832901001,
        "shape": 0.5289753302900675,
        "knn_alpha": 0.16666666666666666,
        "cka_alpha": 0.0,
        "shape_alpha": 0.20833333333333334,
        "elapsed_s": 371.54313492774963,
        "pair_type": "inter"
      },
      "Pythia \u2194 RWKV": {
        "knn": 0.6900462962962963,
        "cka": 0.7265956997871399,
        "shape": 0.47354059457871456,
        "knn_alpha": 1.0,
        "cka_alpha": 1.0,
        "shape_alpha": 1.0,
        "elapsed_s": 516.3680436611176,
        "pair_type": "inter"
      },
      "Mamba \u2194 RWKV": {
        "knn": 0.8020833333333334,
        "cka": 0.6672274470329285,
        "shape": 0.5304969277969656,
        "knn_alpha": 0.9166666666666666,
        "cka_alpha": 0.7083333333333334,
        "shape_alpha": 0.9166666666666666,
        "elapsed_s": 615.4988484382629,
        "pair_type": "intra"
      }
    },
    "1.4B": {
      "Pythia \u2194 Mamba": {
        "knn": 0.7038194444444443,
        "cka": 0.8761951327323914,
        "shape": 0.408226584245191,
        "knn_alpha": 0.0,
        "cka_alpha": 0.0,
        "shape_alpha": 0.0,
        "elapsed_s": 1712.991379737854,
        "pair_type": "inter"
      },
      "Pythia \u2194 RWKV": {
        "knn": 0.7137731481481482,
        "cka": 0.7714236378669739,
        "shape": 0.43207733812904286,
        "knn_alpha": 1.0,
        "cka_alpha": 1.0,
        "shape_alpha": 1.0,
        "elapsed_s": 1285.4601464271545,
        "pair_type": "inter"
      },
      "Mamba \u2194 RWKV": {
        "knn": 0.813888888888889,
        "cka": 0.6439099311828613,
        "shape": 0.5547245174882917,
        "knn_alpha": 0.9166666666666666,
        "cka_alpha": 1.0,
        "shape_alpha": 1.0,
        "elapsed_s": 1152.5743052959442,
        "pair_type": "intra"
      }
    },
    "2.8B": {
      "Pythia \u2194 Mamba": {
        "knn": 0.7922453703703703,
        "cka": 0.868203341960907,
        "shape": 0.3667337122574949,
        "knn_alpha": 0.96875,
        "cka_alpha": 0.0,
        "shape_alpha": 0.96875,
        "elapsed_s": 741.4053688049316,
        "pair_type": "inter"
      },
      "Pythia \u2194 RWKV": {
        "knn": 0.7800925925925926,
        "cka": 0.8925797343254089,
        "shape": 0.4063640574061326,
        "knn_alpha": 0.90625,
        "cka_alpha": 1.0,
        "shape_alpha": 1.0,
        "elapsed_s": 91.3701844215393,
        "pair_type": "inter"
      },
      "Mamba \u2194 RWKV": {
        "knn": 0.8012731481481482,
        "cka": 0.8380262851715088,
        "shape": 0.3958602214755653,
        "knn_alpha": 0.90625,
        "cka_alpha": 0.9375,
        "shape_alpha": 0.9375,
        "elapsed_s": 90.52534627914429,
        "pair_type": "intra"
      }
    }
  },
  "power_law_fits": {
    "knn_intra": {
      "a": 0.4753818154872558,
      "beta": 0.024882808788348625,
      "r2": 0.5930025120392279
    },
    "knn_inter": {
      "a": 0.22425754993841093,
      "beta": 0.05633673140434546,
      "r2": 0.7612229075540156
    },
    "cka_intra": {
      "a": 0.5303834962175912,
      "beta": 0.015807093924547985,
      "r2": 0.02394188597034086
    },
    "cka_inter": {
      "a": 0.434525769329236,
      "beta": 0.031386112036373245,
      "r2": 0.2519609974672262
    }
  }
}