{
  "pos_vs_neg": {
    "sigma_0.0": {
      "iga": 1.1666666666666665,
      "mean_diff": 0.0008143156883306801,
      "mean_h0": -0.0008484682184644043,
      "mean_h1": -3.415253013372421e-05
    },
    "sigma_0.001": {
      "iga": 1.1666666666666665,
      "mean_diff": 0.0007238268153741956,
      "mean_h0": -0.0008307654643431306,
      "mean_h1": -0.00010693861986510456
    },
    "sigma_0.003": {
      "iga": 1.1666666666666665,
      "mean_diff": 0.0005428543081507087,
      "mean_h0": -0.0007953625172376633,
      "mean_h1": -0.00025250817998312414
    },
    "sigma_0.01": {
      "iga": 1.1,
      "mean_diff": 9.056227281689644e-05,
      "mean_h0": -0.0006714474293403327,
      "mean_h1": -0.0007620097021572292
    },
    "sigma_0.03": {
      "iga": 1.1666666666666665,
      "mean_diff": 0.0019003157503902912,
      "mean_h0": -0.00031740523991174996,
      "mean_h1": -0.0022177209611982107
    },
    "sigma_0.1": {
      "iga": 1.1333333333333333,
      "mean_diff": 0.008234448730945587,
      "mean_h0": 0.0009217403712682426,
      "mean_h1": -0.00731270806863904
    },
    "sigma_0.3": {
      "iga": 1.1333333333333333,
      "mean_diff": 0.026331964880228043,
      "mean_h0": 0.0044621555134654045,
      "mean_h1": -0.021869810298085213
    },
    "sigma_1.0": {
      "iga": 1.1,
      "mean_diff": 0.08967339992523193,
      "mean_h0": 0.016853686422109604,
      "mean_h1": -0.07281971722841263
    },
    "sigma_3.0": {
      "iga": 1.1,
      "mean_diff": 0.2706485092639923,
      "mean_h0": 0.0522577129304409,
      "mean_h1": -0.2183908075094223
    },
    "sigma_10.0": {
      "iga": 1.1,
      "mean_diff": 0.9040631055831909,
      "mean_h0": 0.17617270350456238,
      "mean_h1": -0.7278903722763062
    }
  },
  "pos_vs_flat": {
    "sigma_0.0": {
      "iga": 1.6333333333333333,
      "mean_diff": 0.0008484682184644043,
      "mean_h0": -0.0008484682184644043,
      "mean_h1": 0.0
    },
    "sigma_0.001": {
      "iga": 1.5666666666666667,
      "mean_diff": 0.0007579799857921898,
      "mean_h0": -0.0008307654643431306,
      "mean_h1": -7.278546399902552e-05
    },
    "sigma_0.003": {
      "iga": 1.4,
      "mean_diff": 0.0005770059651695192,
      "mean_h0": -0.0007953625172376633,
      "mean_h1": -0.00021835653751622885
    },
    "sigma_0.01": {
      "iga": 1.2,
      "mean_diff": 5.640776362270117e-05,
      "mean_h0": -0.0006714474293403327,
      "mean_h1": -0.0007278551929630339
    },
    "sigma_0.03": {
      "iga": 1.1333333333333333,
      "mean_diff": 0.001866163918748498,
      "mean_h0": -0.00031740523991174996,
      "mean_h1": -0.0021835691295564175
    },
    "sigma_0.1": {
      "iga": 1.1,
      "mean_diff": 0.008200285024940968,
      "mean_h0": 0.0009217403712682426,
      "mean_h1": -0.00727854436263442
    },
    "sigma_0.3": {
      "iga": 1.1,
      "mean_diff": 0.026297803968191147,
      "mean_h0": 0.0044621555134654045,
      "mean_h1": -0.021835647523403168
    },
    "sigma_1.0": {
      "iga": 1.1,
      "mean_diff": 0.08963926136493683,
      "mean_h0": 0.016853686422109604,
      "mean_h1": -0.07278557121753693
    },
    "sigma_3.0": {
      "iga": 1.1,
      "mean_diff": 0.27061447501182556,
      "mean_h0": 0.0522577129304409,
      "mean_h1": -0.21835675835609436
    },
    "sigma_10.0": {
      "iga": 1.1,
      "mean_diff": 0.9040282964706421,
      "mean_h0": 0.17617270350456238,
      "mean_h1": -0.7278555631637573
    }
  },
  "quad_vs_flat": {
    "sigma_0.0": {
      "iga": 1.9333333333333333,
      "mean_diff": 0.0023687637876719236,
      "mean_h0": -0.0023687637876719236,
      "mean_h1": 0.0
    },
    "sigma_0.001": {
      "iga": 1.6666666666666667,
      "mean_diff": 0.002278275787830353,
      "mean_h0": -0.0023510612081736326,
      "mean_h1": -7.278546399902552e-05
    },
    "sigma_0.003": {
      "iga": 1.3666666666666667,
      "mean_diff": 0.0020973000209778547,
      "mean_h0": -0.002315656514838338,
      "mean_h1": -0.00021835653751622885
    },
    "sigma_0.01": {
      "iga": 1.1666666666666665,
      "mean_diff": 0.0014638884458690882,
      "mean_h0": -0.002191743580624461,
      "mean_h1": -0.0007278551929630339
    },
    "sigma_0.03": {
      "iga": 1.0999999999999999,
      "mean_diff": 0.00034586829133331776,
      "mean_h0": -0.0018377008382230997,
      "mean_h1": -0.0021835691295564175
    },
    "sigma_0.1": {
      "iga": 1.1,
      "mean_diff": 0.006679987534880638,
      "mean_h0": -0.0005985570605844259,
      "mean_h1": -0.00727854436263442
    },
    "sigma_0.3": {
      "iga": 1.1,
      "mean_diff": 0.024777483195066452,
      "mean_h0": 0.0029418354388326406,
      "mean_h1": -0.021835647523403168
    },
    "sigma_1.0": {
      "iga": 1.1,
      "mean_diff": 0.08811888843774796,
      "mean_h0": 0.015333316288888454,
      "mean_h1": -0.07278557121753693
    },
    "sigma_3.0": {
      "iga": 1.1,
      "mean_diff": 0.26909396052360535,
      "mean_h0": 0.050737205892801285,
      "mean_h1": -0.21835675835609436
    },
    "sigma_10.0": {
      "iga": 1.1,
      "mean_diff": 0.9025072455406189,
      "mean_h0": 0.17465168237686157,
      "mean_h1": -0.7278555631637573
    }
  }
}