{
  "pos_vs_neg": {
    "alpha_0.0": {
      "iga_1d": 1.2,
      "mean_attr0_h0": -0.0016538170166313648,
      "mean_attr0_h1": 0.001914024236612022,
      "std_attr0_h0": 0.009043099358677864,
      "std_attr0_h1": 0.009043097496032715
    },
    "alpha_0.2": {
      "iga_1d": 1.2666666666666666,
      "mean_attr0_h0": -0.0016612797044217587,
      "mean_attr0_h1": 0.0020396262407302856,
      "std_attr0_h0": 0.009015028364956379,
      "std_attr0_h1": 0.008679179474711418
    },
    "alpha_0.5": {
      "iga_1d": 1.2333333333333334,
      "mean_attr0_h0": -0.0008064446155913174,
      "mean_attr0_h1": 0.002041067462414503,
      "std_attr0_h0": 0.008378260768949986,
      "std_attr0_h1": 0.008765943348407745
    },
    "alpha_0.8": {
      "iga_1d": 1.1333333333333333,
      "mean_attr0_h0": -0.0009929188527166843,
      "mean_attr0_h1": 0.0011794395977631211,
      "std_attr0_h0": 0.008639170788228512,
      "std_attr0_h1": 0.008237884379923344
    },
    "alpha_1.0": {
      "iga_1d": 1.1,
      "mean_attr0_h0": 0.0005581017467193305,
      "mean_attr0_h1": 0.001639382797293365,
      "std_attr0_h0": 0.00859354343265295,
      "std_attr0_h1": 0.009435037150979042
    }
  },
  "pos_vs_quad": {
    "alpha_0.0": {
      "iga_1d": 1.3333333333333333,
      "mean_attr0_h0": -0.0016538170166313648,
      "mean_attr0_h1": 0.005543993320316076,
      "std_attr0_h0": 0.009043099358677864,
      "std_attr0_h1": 0.009043100290000439
    },
    "alpha_0.2": {
      "iga_1d": 1.3333333333333333,
      "mean_attr0_h0": -0.0016612797044217587,
      "mean_attr0_h1": 0.004115449730306864,
      "std_attr0_h0": 0.009015028364956379,
      "std_attr0_h1": 0.008673050440847874
    },
    "alpha_0.5": {
      "iga_1d": 1.2000000000000002,
      "mean_attr0_h0": -0.0008064446155913174,
      "mean_attr0_h1": 0.0019935325253754854,
      "std_attr0_h0": 0.008378260768949986,
      "std_attr0_h1": 0.008053156547248363
    },
    "alpha_0.8": {
      "iga_1d": 1.1333333333333333,
      "mean_attr0_h0": -0.0009929188527166843,
      "mean_attr0_h1": -0.0003896894631907344,
      "std_attr0_h0": 0.008639170788228512,
      "std_attr0_h1": 0.007560441270470619
    },
    "alpha_1.0": {
      "iga_1d": 1.1666666666666667,
      "mean_attr0_h0": 0.0005581017467193305,
      "mean_attr0_h1": -0.0016146668931469321,
      "std_attr0_h0": 0.00859354343265295,
      "std_attr0_h1": 0.00685593718662858
    }
  },
  "pos_vs_flat": {
    "alpha_0.0": {
      "iga_1d": 1.1666666666666667,
      "mean_attr0_h0": -0.0016538170166313648,
      "mean_attr0_h1": 0.0001301057345699519,
      "std_attr0_h0": 0.009043099358677864,
      "std_attr0_h1": 0.009043102152645588
    },
    "alpha_0.2": {
      "iga_1d": 1.1666666666666667,
      "mean_attr0_h0": -0.0016612797044217587,
      "mean_attr0_h1": 0.0001298387796850875,
      "std_attr0_h0": 0.009015028364956379,
      "std_attr0_h1": 0.008621924556791782
    },
    "alpha_0.5": {
      "iga_1d": 1.1333333333333333,
      "mean_attr0_h0": -0.0008064446155913174,
      "mean_attr0_h1": 0.00013336433039512485,
      "std_attr0_h0": 0.008378260768949986,
      "std_attr0_h1": 0.007914210669696331
    },
    "alpha_0.8": {
      "iga_1d": 1.2,
      "mean_attr0_h0": -0.0009929188527166843,
      "mean_attr0_h1": 0.0001646845630602911,
      "std_attr0_h0": 0.008639170788228512,
      "std_attr0_h1": 0.0072534517385065556
    },
    "alpha_1.0": {
      "iga_1d": 1.1333333333333333,
      "mean_attr0_h0": 0.0005581017467193305,
      "mean_attr0_h1": 0.00011419399379519746,
      "std_attr0_h0": 0.00859354343265295,
      "std_attr0_h1": 0.006741599645465612
    }
  },
  "neg_vs_quad": {
    "alpha_0.0": {
      "iga_1d": 1.2,
      "mean_attr0_h0": 0.001914024236612022,
      "mean_attr0_h1": 0.005543993320316076,
      "std_attr0_h0": 0.009043097496032715,
      "std_attr0_h1": 0.009043100290000439
    },
    "alpha_0.2": {
      "iga_1d": 1.1666666666666667,
      "mean_attr0_h0": 0.001885551493614912,
      "mean_attr0_h1": 0.004115449730306864,
      "std_attr0_h0": 0.008289305493235588,
      "std_attr0_h1": 0.008673050440847874
    },
    "alpha_0.5": {
      "iga_1d": 1.1333333333333333,
      "mean_attr0_h0": 0.001081472379155457,
      "mean_attr0_h1": 0.0019935325253754854,
      "std_attr0_h0": 0.008074772544205189,
      "std_attr0_h1": 0.008053156547248363
    },
    "alpha_0.8": {
      "iga_1d": 1.1666666666666667,
      "mean_attr0_h0": 0.0011970611521974206,
      "mean_attr0_h1": -0.0003896894631907344,
      "std_attr0_h0": 0.007859788835048676,
      "std_attr0_h1": 0.007560441270470619
    },
    "alpha_1.0": {
      "iga_1d": 1.2,
      "mean_attr0_h0": -0.00029152436763979495,
      "mean_attr0_h1": -0.0016146668931469321,
      "std_attr0_h0": 0.008255735971033573,
      "std_attr0_h1": 0.00685593718662858
    }
  },
  "quad_vs_flat": {
    "alpha_0.0": {
      "iga_1d": 1.2666666666666666,
      "mean_attr0_h0": 0.005543993320316076,
      "mean_attr0_h1": 0.0001301057345699519,
      "std_attr0_h0": 0.009043100290000439,
      "std_attr0_h1": 0.009043102152645588
    },
    "alpha_0.2": {
      "iga_1d": 1.2000000000000002,
      "mean_attr0_h0": 0.003992960322648287,
      "mean_attr0_h1": 0.0001298387796850875,
      "std_attr0_h0": 0.008549165911972523,
      "std_attr0_h1": 0.008621924556791782
    },
    "alpha_0.5": {
      "iga_1d": 1.1666666666666667,
      "mean_attr0_h0": 0.0018315284978598356,
      "mean_attr0_h1": 0.00013336433039512485,
      "std_attr0_h0": 0.007944113574922085,
      "std_attr0_h1": 0.007914210669696331
    },
    "alpha_0.8": {
      "iga_1d": 1.1666666666666667,
      "mean_attr0_h0": -0.0005403058603405952,
      "mean_attr0_h1": 0.0001646845630602911,
      "std_attr0_h0": 0.007325479760766029,
      "std_attr0_h1": 0.0072534517385065556
    },
    "alpha_1.0": {
      "iga_1d": 1.1666666666666667,
      "mean_attr0_h0": -0.0023699819575995207,
      "mean_attr0_h1": 0.00011419399379519746,
      "std_attr0_h0": 0.006809324026107788,
      "std_attr0_h1": 0.006741599645465612
    }
  }
}