{
  "linear_pos_vs_linear_neg": {
    "alpha_0.0": {
      "iga_1d": 2.0,
      "separability_nd": 6.641522405369419,
      "mean_attr0_h0": 1.0710359811782837,
      "mean_attr0_h1": -0.9403223395347595,
      "std_attr0_h0": 0.12521493434906006,
      "std_attr0_h1": 0.24305102229118347
    },
    "alpha_0.1": {
      "iga_1d": 2.0,
      "separability_nd": 6.7482828684023355,
      "mean_attr0_h0": 1.0026464462280273,
      "mean_attr0_h1": -0.8726856708526611,
      "std_attr0_h0": 0.11345182359218597,
      "std_attr0_h1": 0.22515717148780823
    },
    "alpha_0.2": {
      "iga_1d": 2.0,
      "separability_nd": 6.776334678813472,
      "mean_attr0_h0": 0.9266601800918579,
      "mean_attr0_h1": -0.8087661266326904,
      "std_attr0_h0": 0.10461936891078949,
      "std_attr0_h1": 0.20926159620285034
    },
    "alpha_0.3": {
      "iga_1d": 2.0,
      "separability_nd": 6.868267662399514,
      "mean_attr0_h0": 0.8609365820884705,
      "mean_attr0_h1": -0.7467820048332214,
      "std_attr0_h0": 0.09615375846624374,
      "std_attr0_h1": 0.19209249317646027
    },
    "alpha_0.4": {
      "iga_1d": 2.0,
      "separability_nd": 6.967131019444885,
      "mean_attr0_h0": 0.7938167452812195,
      "mean_attr0_h1": -0.6771536469459534,
      "std_attr0_h0": 0.08919841796159744,
      "std_attr0_h1": 0.1709161102771759
    },
    "alpha_0.5": {
      "iga_1d": 2.0,
      "separability_nd": 7.118312313690973,
      "mean_attr0_h0": 0.7132161259651184,
      "mean_attr0_h1": -0.6176754236221313,
      "std_attr0_h0": 0.07085788249969482,
      "std_attr0_h1": 0.15943706035614014
    },
    "alpha_0.6": {
      "iga_1d": 2.0,
      "separability_nd": 6.933026884651567,
      "mean_attr0_h0": 0.6301149129867554,
      "mean_attr0_h1": -0.5502038598060608,
      "std_attr0_h0": 0.07394203543663025,
      "std_attr0_h1": 0.1420259028673172
    },
    "alpha_0.7": {
      "iga_1d": 2.0,
      "separability_nd": 6.6562256753064695,
      "mean_attr0_h0": 0.5685259699821472,
      "mean_attr0_h1": -0.476532906293869,
      "std_attr0_h0": 0.08307088911533356,
      "std_attr0_h1": 0.12296809256076813
    },
    "alpha_0.8": {
      "iga_1d": 2.0,
      "separability_nd": 6.702195058118046,
      "mean_attr0_h0": 0.49975961446762085,
      "mean_attr0_h1": -0.41147181391716003,
      "std_attr0_h0": 0.05244828388094902,
      "std_attr0_h1": 0.10936294496059418
    },
    "alpha_0.9": {
      "iga_1d": 2.0,
      "separability_nd": 5.480309796606902,
      "mean_attr0_h0": 0.41635939478874207,
      "mean_attr0_h1": -0.36440083384513855,
      "std_attr0_h0": 0.08433597534894943,
      "std_attr0_h1": 0.10119016468524933
    },
    "alpha_1.0": {
      "iga_1d": 2.0,
      "separability_nd": 4.803990423807696,
      "mean_attr0_h0": 0.36879557371139526,
      "mean_attr0_h1": -0.2785155177116394,
      "std_attr0_h0": 0.0711577981710434,
      "std_attr0_h1": 0.09157382696866989
    }
  },
  "linear_pos_vs_quadratic": {
    "alpha_0.0": {
      "iga_1d": 2.0,
      "separability_nd": 5.907186938685352,
      "mean_attr0_h0": 1.0710359811782837,
      "mean_attr0_h1": -0.507315456867218,
      "std_attr0_h0": 0.12521493434906006,
      "std_attr0_h1": 0.16364483535289764
    },
    "alpha_0.1": {
      "iga_1d": 2.0,
      "separability_nd": 6.022866253710916,
      "mean_attr0_h0": 1.0026464462280273,
      "mean_attr0_h1": -0.4719250500202179,
      "std_attr0_h0": 0.11345182359218597,
      "std_attr0_h1": 0.15124563872814178
    },
    "alpha_0.2": {
      "iga_1d": 2.0,
      "separability_nd": 6.083343524161882,
      "mean_attr0_h0": 0.9266601800918579,
      "mean_attr0_h1": -0.43830791115760803,
      "std_attr0_h0": 0.10461936891078949,
      "std_attr0_h1": 0.14011360704898834
    },
    "alpha_0.3": {
      "iga_1d": 2.0,
      "separability_nd": 6.200545011351857,
      "mean_attr0_h0": 0.8609365820884705,
      "mean_attr0_h1": -0.40593811869621277,
      "std_attr0_h0": 0.09615375846624374,
      "std_attr0_h1": 0.12776988744735718
    },
    "alpha_0.4": {
      "iga_1d": 2.0,
      "separability_nd": 6.2708517779749675,
      "mean_attr0_h0": 0.7938167452812195,
      "mean_attr0_h1": -0.3698650896549225,
      "std_attr0_h0": 0.08919841796159744,
      "std_attr0_h1": 0.11653190106153488
    },
    "alpha_0.5": {
      "iga_1d": 2.0,
      "separability_nd": 6.55866335808904,
      "mean_attr0_h0": 0.7132161259651184,
      "mean_attr0_h1": -0.3382859230041504,
      "std_attr0_h0": 0.07085788249969482,
      "std_attr0_h1": 0.1034628376364708
    },
    "alpha_0.6": {
      "iga_1d": 2.0,
      "separability_nd": 6.252686524075467,
      "mean_attr0_h0": 0.6301149129867554,
      "mean_attr0_h1": -0.30422526597976685,
      "std_attr0_h0": 0.07394203543663025,
      "std_attr0_h1": 0.09746471792459488
    },
    "alpha_0.7": {
      "iga_1d": 2.0,
      "separability_nd": 6.02054393474383,
      "mean_attr0_h0": 0.5685259699821472,
      "mean_attr0_h1": -0.265415221452713,
      "std_attr0_h0": 0.08307088911533356,
      "std_attr0_h1": 0.08487202227115631
    },
    "alpha_0.8": {
      "iga_1d": 2.0,
      "separability_nd": 6.2241542980008795,
      "mean_attr0_h0": 0.49975961446762085,
      "mean_attr0_h1": -0.2305648922920227,
      "std_attr0_h0": 0.05244828388094902,
      "std_attr0_h1": 0.07156793773174286
    },
    "alpha_0.9": {
      "iga_1d": 2.0,
      "separability_nd": 5.085738434594469,
      "mean_attr0_h0": 0.41635939478874207,
      "mean_attr0_h1": -0.20408006012439728,
      "std_attr0_h0": 0.08433597534894943,
      "std_attr0_h1": 0.06218937039375305
    },
    "alpha_1.0": {
      "iga_1d": 2.0,
      "separability_nd": 4.468835629822982,
      "mean_attr0_h0": 0.36879557371139526,
      "mean_attr0_h1": -0.16209299862384796,
      "std_attr0_h0": 0.0711577981710434,
      "std_attr0_h1": 0.05916137993335724
    }
  },
  "linear_pos_vs_flat": {
    "alpha_0.0": {
      "iga_1d": 2.0,
      "separability_nd": 4.817287641617817,
      "mean_attr0_h0": 1.0710359811782837,
      "mean_attr0_h1": 0.04987542703747749,
      "std_attr0_h0": 0.12521493434906006,
      "std_attr0_h1": 0.06929292529821396
    },
    "alpha_0.1": {
      "iga_1d": 2.0,
      "separability_nd": 4.929522830183356,
      "mean_attr0_h0": 1.0026464462280273,
      "mean_attr0_h1": 0.04586368054151535,
      "std_attr0_h0": 0.11345182359218597,
      "std_attr0_h1": 0.0641331672668457
    },
    "alpha_0.2": {
      "iga_1d": 2.0,
      "separability_nd": 4.977894524500231,
      "mean_attr0_h0": 0.9266601800918579,
      "mean_attr0_h1": 0.042220521718263626,
      "std_attr0_h0": 0.10461936891078949,
      "std_attr0_h1": 0.059481918811798096
    },
    "alpha_0.3": {
      "iga_1d": 2.0,
      "separability_nd": 5.073951894729315,
      "mean_attr0_h0": 0.8609365820884705,
      "mean_attr0_h1": 0.03849238529801369,
      "std_attr0_h0": 0.09615375846624374,
      "std_attr0_h1": 0.05470727011561394
    },
    "alpha_0.4": {
      "iga_1d": 2.0,
      "separability_nd": 5.099011456239764,
      "mean_attr0_h0": 0.7938167452812195,
      "mean_attr0_h1": 0.034665755927562714,
      "std_attr0_h0": 0.08919841796159744,
      "std_attr0_h1": 0.049317918717861176
    },
    "alpha_0.5": {
      "iga_1d": 2.0,
      "separability_nd": 5.3281451927782495,
      "mean_attr0_h0": 0.7132161259651184,
      "mean_attr0_h1": 0.03129100799560547,
      "std_attr0_h0": 0.07085788249969482,
      "std_attr0_h1": 0.04484333097934723
    },
    "alpha_0.6": {
      "iga_1d": 2.0,
      "separability_nd": 5.021904364048064,
      "mean_attr0_h0": 0.6301149129867554,
      "mean_attr0_h1": 0.026530569419264793,
      "std_attr0_h0": 0.07394203543663025,
      "std_attr0_h1": 0.03990916162729263
    },
    "alpha_0.7": {
      "iga_1d": 2.0,
      "separability_nd": 4.814218534845732,
      "mean_attr0_h0": 0.5685259699821472,
      "mean_attr0_h1": 0.022568313404917717,
      "std_attr0_h0": 0.08307088911533356,