{
  "pos_vs_neg": {
    "beta_0.00": {
      "iga": 2.0,
      "mean_h0": 0.34237080812454224,
      "mean_h1": -0.2739493250846863,
      "std_h0": 0.0763169527053833,
      "std_h1": 0.08792825788259506
    },
    "beta_0.05": {
      "iga": 2.0,
      "mean_h0": 0.34573957324028015,
      "mean_h1": -0.26325953006744385,
      "std_h0": 0.07670539617538452,
      "std_h1": 0.07850669324398041
    },
    "beta_0.10": {
      "iga": 2.0,
      "mean_h0": 0.31172627210617065,
      "mean_h1": -0.23956766724586487,
      "std_h0": 0.0670258104801178,
      "std_h1": 0.06490787118673325
    },
    "beta_0.15": {
      "iga": 2.0,
      "mean_h0": 0.2915734350681305,
      "mean_h1": -0.24625299870967865,
      "std_h0": 0.04539846256375313,
      "std_h1": 0.08028537780046463
    },
    "beta_0.20": {
      "iga": 2.0,
      "mean_h0": 0.27637922763824463,
      "mean_h1": -0.22164353728294373,
      "std_h0": 0.042887840420007706,
      "std_h1": 0.059926487505435944
    },
    "beta_0.30": {
      "iga": 2.0,
      "mean_h0": 0.2481124997138977,
      "mean_h1": -0.20140893757343292,
      "std_h0": 0.03671334311366081,
      "std_h1": 0.06453666090965271
    },
    "beta_0.40": {
      "iga": 2.0,
      "mean_h0": 0.19948305189609528,
      "mean_h1": -0.17086569964885712,
      "std_h0": 0.04467502608895302,
      "std_h1": 0.049457333981990814
    },
    "beta_0.50": {
      "iga": 2.0,
      "mean_h0": 0.1793985664844513,
      "mean_h1": -0.1289108693599701,
      "std_h0": 0.027881115674972534,
      "std_h1": 0.03880408778786659
    },
    "beta_0.60": {
      "iga": 2.0,
      "mean_h0": 0.13826648890972137,
      "mean_h1": -0.1133817657828331,
      "std_h0": 0.023951180279254913,
      "std_h1": 0.038221053779125214
    },
    "beta_0.70": {
      "iga": 2.0,
      "mean_h0": 0.10241962969303131,
      "mean_h1": -0.08349599689245224,
      "std_h0": 0.018106572329998016,
      "std_h1": 0.02558319643139839
    },
    "beta_0.80": {
      "iga": 2.0,
      "mean_h0": 0.06551355123519897,
      "mean_h1": -0.0549786277115345,
      "std_h0": 0.016330640763044357,
      "std_h1": 0.019449375569820404
    },
    "beta_0.90": {
      "iga": 2.0,
      "mean_h0": 0.03366093337535858,
      "mean_h1": -0.027182281017303467,
      "std_h0": 0.009339544922113419,
      "std_h1": 0.012483838014304638
    },
    "beta_1.00": {
      "iga": 1.4333333333333333,
      "mean_h0": -0.001915500033646822,
      "mean_h1": 0.0023672713432461023,
      "std_h0": 0.0069750454276800156,
      "std_h1": 0.007174746133387089
    }
  },
  "pos_vs_flat": {
    "beta_0.00": {
      "iga": 2.0,
      "mean_h0": 0.34237080812454224,
      "mean_h1": 0.010246891528367996,
      "std_h0": 0.0763169527053833,
      "std_h1": 0.021106015890836716
    },
    "beta_0.05": {
      "iga": 2.0,
      "mean_h0": 0.34573957324028015,
      "mean_h1": 0.011462826281785965,
      "std_h0": 0.07670539617538452,
      "std_h1": 0.022658931091427803
    },
    "beta_0.10": {
      "iga": 2.0,
      "mean_h0": 0.31172627210617065,
      "mean_h1": 0.01021698396652937,
      "std_h0": 0.0670258104801178,
      "std_h1": 0.019838174805045128
    },
    "beta_0.15": {
      "iga": 2.0,
      "mean_h0": 0.2915734350681305,
      "mean_h1": 0.009203838184475899,
      "std_h0": 0.04539846256375313,
      "std_h1": 0.01881290413439274
    },
    "beta_0.20": {
      "iga": 2.0,
      "mean_h0": 0.27637922763824463,
      "mean_h1": 0.009593945927917957,
      "std_h0": 0.042887840420007706,
      "std_h1": 0.018656259402632713
    },
    "beta_0.30": {
      "iga": 2.0,
      "mean_h0": 0.2481124997138977,
      "mean_h1": 0.008002350106835365,
      "std_h0": 0.03671334311366081,
      "std_h1": 0.01643989607691765
    },
    "beta_0.40": {
      "iga": 2.0,
      "mean_h0": 0.19948305189609528,
      "mean_h1": 0.007217841688543558,
      "std_h0": 0.04467502608895302,
      "std_h1": 0.013774183578789234
    },
    "beta_0.50": {
      "iga": 2.0,
      "mean_h0": 0.1793985664844513,
      "mean_h1": 0.005455282982438803,
      "std_h0": 0.027881115674972534,
      "std_h1": 0.010715553537011147
    },
    "beta_0.60": {
      "iga": 2.0,
      "mean_h0": 0.13826648890972137,
      "mean_h1": 0.004685467574745417,
      "std_h0": 0.023951180279254913,
      "std_h1": 0.009441446512937546
    },
    "beta_0.70": {
      "iga": 2.0,
      "mean_h0": 0.10241962969303131,
      "mean_h1": 0.0033222849015146494,
      "std_h0": 0.018106572329998016,
      "std_h1": 0.0070485919713974
    },
    "beta_0.80": {
      "iga": 2.0,
      "mean_h0": 0.06551355123519897,
      "mean_h1": 0.0023450746666640043,
      "std_h0": 0.016330640763044357,
      "std_h1": 0.004533395171165466
    },
    "beta_0.90": {
      "iga": 2.0,
      "mean_h0": 0.03366093337535858,
      "mean_h1": 0.001210422720760107,
      "std_h0": 0.009339544922113419,
      "std_h1": 0.002430376596748829
    },
    "beta_1.00": {
      "iga": 1.6666666666666665,
      "mean_h0": -0.001915500033646822,
      "mean_h1": 0.0,
      "std_h0": 0.0069750454276800156,
      "std_h1": 0.0
    }
  },
  "quad_vs_flat": {
    "beta_0.00": {
      "iga": 2.0,
      "mean_h0": -0.2574501037597656,
      "mean_h1": 0.010246891528367996,
      "std_h0": 0.10239330679178238,
      "std_h1": 0.021106015890836716
    },
    "beta_0.05": {
      "iga": 2.0,
      "mean_h0": -0.2542257010936737,
      "mean_h1": 0.011462826281785965,
      "std_h0": 0.09346278011798859,
      "std_h1": 0.022658931091427803
    },
    "beta_0.10": {
      "iga": 2.0,
      "mean_h0": -0.23135338723659515,
      "mean_h1": 0.01021698396652937,
      "std_h0": 0.08445355296134949,
      "std_h1": 0.019838174805045128
    },
    "beta_0.15": {
      "iga": 2.0,
      "mean_h0": -0.2168947011232376,
      "mean_h1": 0.009203838184475899,
      "std_h0": 0.0818844810128212,
      "std_h1": 0.01881290413439274
    },
    "beta_0.20": {
      "iga": 2.0,
      "mean_h0": -0.20931373536586761,
      "mean_h1": 0.009593945927917957,
      "std_h0": 0.08285081386566162,
      "std_h1": 0.018656259402632713
    },
    "beta_0.30": {
      "iga": 2.0,
      "mean_h0": -0.18233036994934082,
      "mean_h1": 0.008002350106835365,
      "std_h0": 0.06533549726009369,
      "std_h1": 0.01643989607691765
    },
    "beta_0.40": {
      "iga": 2.0,
      "mean_h0": -0.15020298957824707,
      "mean_h1": 0.007217841688543558,
      "std_h0": 0.05866053327918053,
      "std_h1": 0.013774183578789234
    },
    "beta_0.50": {
      "iga": 2.0,
      "mean_h0": -0.13260696828365326,
      "mean_h1": 0.005455282982438803,
      "std_h0": 0.04760262370109558,
      "std_h1": 0.010715553537011147
    },
    "beta_0.60": {
      "iga": 2.0,
      "mean_h0": -0.10474864393472672,
      "mean_h1": 0.004685467574745417,
      "std_h0": 0.03761618584394455,
      "std_h1": 0.009441446512937546
    },
    "beta_0.70": {
      "iga": 2.0,
      "mean_h0": -0.07626757770776749,
      "mean_h1": 0.0033222849015146494,
      "std_h0": 0.025140106678009033,
      "std_h1": 0.0070485919713974
    },
    "beta_0.80": {
      "iga": 2.0,
      "mean_h0": -0.051668040454387665,
      "mean_h1": 0.0023450746666640043,
      "std_h0": 0.017580419778823853,
      "std_h1": 0.004533395171165466
    },
    "beta_0.90": {
      "iga": 2.0,
      "mean_h0": -0.028459737077355385,
      "mean_h1": 0.001210422720760107,
      "std_h0": 0.009563031606376171,
      "std_h1": 0.002430376596748829
    },
    "beta_1.00": {
      "iga": 1.9333333333333333,
      "mean_h0": -0.0017688331427052617,
      "mean_h1": 0.0,
      "std_h0": 0.0011362716322764754,
      "std_h1": 0.0
    }
  }
}