{
  "models": [
    "Pythia-70M",
    "Pythia-160M",
    "Pythia-410M",
    "Pythia-1B",
    "Pythia-1.4B",
    "Pythia-2.8B",
    "Pythia-6.9B"
  ],
  "metrics": {
    "Pythia-70M": {
      "params": 70000000.0,
      "loss": 3.64,
      "twonn_id": 15.569778730468656,
      "stable_rank": 1.4573825597763062,
      "effective_rank": 6.697353839874268,
      "participation_ratio": 2.1063387393951416,
      "mle_id_k10": 16.650552164743655,
      "mle_id_k50": 13.62736775171793,
      "mle_id_k100": 12.50054062202406,
      "mle_id_k500": 9.264222036678303
    },
    "Pythia-160M": {
      "params": 160000000.0,
      "loss": 3.28,
      "twonn_id": 14.774072633573917,
      "stable_rank": 1.1744762659072876,
      "effective_rank": 2.962564706802368,
      "participation_ratio": 1.3781020641326904,
      "mle_id_k10": 16.159219606676785,
      "mle_id_k50": 12.831847353628874,
      "mle_id_k100": 11.777035518385993,
      "mle_id_k500": 8.337044901918107
    },
    "Pythia-410M": {
      "params": 410000000.0,
      "loss": 2.94,
      "twonn_id": 13.746580036623037,
      "stable_rank": 1.0186933279037476,
      "effective_rank": 1.1959325075149536,
      "participation_ratio": 1.0377265214920044,
      "mle_id_k10": 15.435087479788601,
      "mle_id_k50": 11.7211523054523,
      "mle_id_k100": 10.124999079437783,
      "mle_id_k500": 4.947511021760893
    },
    "Pythia-1B": {
      "params": 1000000000.0,
      "loss": 2.68,
      "twonn_id": 14.518971008604705,
      "stable_rank": 1.0254437923431396,
      "effective_rank": 1.2753807306289673,
      "participation_ratio": 1.0515214204788208,
      "mle_id_k10": 15.918753323816873,
      "mle_id_k50": 12.835538321261033,
      "mle_id_k100": 11.333768162017943,
      "mle_id_k500": 5.528652342835869
    },
    "Pythia-1.4B": {
      "params": 1400000000.0,
      "loss": 2.56,
      "twonn_id": 15.253761040336247,
      "stable_rank": 1.043350100517273,
      "effective_rank": 1.4791823625564575,
      "participation_ratio": 1.0885435342788696,
      "mle_id_k10": 17.300780115062096,
      "mle_id_k50": 14.260266296412809,
      "mle_id_k100": 12.931164866461916,
      "mle_id_k500": 7.164483871935772
    },
    "Pythia-2.8B": {
      "params": 2800000000.0,
      "loss": 2.4,
      "twonn_id": 14.74659589438778,
      "stable_rank": 1.2946996688842773,
      "effective_rank": 5.808096885681152,
      "participation_ratio": 1.6740111112594604,
      "mle_id_k10": 17.149571374102692,
      "mle_id_k50": 14.824033975523626,
      "mle_id_k100": 14.467389020907579,
      "mle_id_k500": 11.601108874615605
    },
    "Pythia-6.9B": {
      "params": 6900000000.0,
      "loss": 2.21,
      "twonn_id": 13.303563630778369,
      "stable_rank": 1.1053663492202759,
      "effective_rank": 2.2999465465545654,
      "participation_ratio": 1.221634030342102,
      "mle_id_k10": 14.726253600558474,
      "mle_id_k50": 13.075378563717653,
      "mle_id_k100": 12.978763368966636,
      "mle_id_k500": 9.808349118098702
    }
  },
  "estimator_rank_correlation": {
    "metrics": [
      "twonn_id",
      "mle_id_k10",
      "mle_id_k50",
      "mle_id_k100",
      "mle_id_k500"
    ],
    "matrix": [
      [
        1.0,
        0.8214285714285715,
        0.42857142857142866,
        0.10714285714285716,
        0.10714285714285716
      ],
      [
        0.8214285714285715,
        1.0,
        0.7142857142857144,
        0.39285714285714296,
        0.21428571428571433
      ],
      [
        0.42857142857142866,
        0.7142857142857144,
        1.0,
        0.8571428571428573,
        0.6785714285714287
      ],
      [
        0.10714285714285716,
        0.39285714285714296,
        0.8571428571428573,
        1.0,
        0.8928571428571429
      ],
      [
        0.10714285714285716,
        0.21428571428571433,
        0.6785714285714287,
        0.8928571428571429,
        1.0
      ]
    ]
  },
  "loss_correlations": {
    "twonn_id": {
      "pearson_r": 0.5542410690010748,
      "pearson_p": 0.19667932507342722,
      "spearman_rho": 0.5714285714285715,
      "spearman_p": 0.1802019889115274
    },
    "stable_rank": {
      "pearson_r": 0.5213842334393762,
      "pearson_p": 0.23009943851635603,
      "spearman_rho": 0.1785714285714286,
      "spearman_p": 0.7016579425162729
    },
    "effective_rank": {
      "pearson_r": 0.3925435658384864,
      "pearson_p": 0.3837309503248347,
      "spearman_rho": 0.1785714285714286,
      "spearman_p": 0.7016579425162729
    },
    "participation_ratio": {
      "pearson_r": 0.5375511556521897,
      "pearson_p": 0.21334388419330563,
      "spearman_rho": 0.1785714285714286,
      "spearman_p": 0.7016579425162729
    },
    "mle_id_k10": {
      "pearson_r": 0.18209177245223312,
      "pearson_p": 0.6959707672527592,
      "spearman_rho": 0.10714285714285716,
      "spearman_p": 0.8191508555699912
    },
    "mle_id_k50": {
      "pearson_r": -0.26437428172658484,
      "pearson_p": 0.566703152695312,
      "spearman_rho": -0.42857142857142866,
      "spearman_p": 0.337368311085824
    },
    "mle_id_k100": {
      "pearson_r": -0.4018271006359522,
      "pearson_p": 0.37154906651369185,
      "spearman_rho": -0.642857142857143,
      "spearman_p": 0.11939237342741094
    },
    "mle_id_k500": {
      "pearson_r": -0.16947358582418082,
      "pearson_p": 0.7164065068338483,
      "spearman_rho": -0.39285714285714296,
      "spearman_p": 0.38331687042697266
    }
  }
}