{
  "dead_rates": {
    "0": 0.762939453125,
    "1": 0.7578125,
    "2": 0.75244140625,
    "3": 0.766845703125,
    "4": 0.76171875
  },
  "mean_dead_rate": 0.7603515625,
  "alive_per_sae": 981,
  "mcs_stats": {
    "mean": 0.17033976316452026,
    "median": 0.1336301565170288,
    "std": 0.11667178571224213,
    "max": 0.9806029200553894,
    "above_0.7": 45,
    "above_0.5": 174,
    "above_0.3": 347
  },
  "alive_only": {
    "alive_seed0": 971,
    "alive_seed1": 992,
    "alive_mcs_mean": 0.278871089220047,
    "alive_above_0.7": 45,
    "alive_above_0.5": 174
  }
}